iso3,country,year,exports_pct_gdp,gdp_usd
AUS,Australia,2015,19.9846454503255,1356805839935.9
AUS,Australia,2016,19.2031438783351,1211588128417.61
AUS,Australia,2017,21.1718412211076,1330890554614.09
AUS,Australia,2018,21.8125736575066,1433144978761.67
AUS,Australia,2019,24.0624800210722,1398349602956.35
AUS,Australia,2020,23.9380373915413,1333336461648.09
AUS,Australia,2021,22.0018144228925,1560617493202.69
AUS,Australia,2022,25.4615298373659,1695627535475.8
AUS,Australia,2023,26.701068252275,1734451264655.6
BRA,Brazil,2015,12.900191418386,1802212206814.5
BRA,Brazil,2016,12.4666790429968,1795693482853.01
BRA,Brazil,2017,12.5189678698768,2063514977365.65
BRA,Brazil,2018,14.6349994955075,1916933898010.99
BRA,Brazil,2019,14.1229191913178,1873288205059.69
BRA,Brazil,2020,16.4535520094071,1476107231310.49
BRA,Brazil,2021,19.1094303688709,1670647398904.9
BRA,Brazil,2022,19.6307650034371,1951923942083.32
BRA,Brazil,2023,17.9693243032741,2191131765684.63
CAN,Canada,2015,31.8499289605736,1556510380200.23
CAN,Canada,2016,31.5025413039024,1527996250640.92
CAN,Canada,2017,31.4543366815438,1649269496514.62
CAN,Canada,2018,32.3253748086707,1725330736237.69
CAN,Canada,2019,32.3526259007732,1743728952156.85
CAN,Canada,2020,29.47360741517,1655686966881.99
CAN,Canada,2021,31.1750905922479,2022377950896.78
CAN,Canada,2022,33.7212083293036,2200562785046.32
CAN,Canada,2023,33.3416520498948,2196593836347.42
CHN,China,2015,20.9390642234326,11280814787468.9
CHN,China,2016,19.2036507365412,11456024084962
CHN,China,2017,19.3356301657728,12537559062282.9
CHN,China,2018,18.770519802938,14147765772963.8
CHN,China,2019,18.1398222864053,14560167101283.4
CHN,China,2020,18.2696013805051,14996414166715.1
CHN,China,2021,19.4350556514909,18201698719564
CHN,China,2022,20.227756033041,18316765021690.2
CHN,China,2023,19.4023091648376,18270356654533.2
DEU,Germany,2015,42.5853976151835,3425099578746.09
DEU,Germany,2016,41.6355419518592,3536787895179
DEU,Germany,2017,42.2029575981591,3765351626105.89
DEU,Germany,2018,42.4968914074717,4055433215301.96
DEU,Germany,2019,42.3402444816356,3959894794039.21
DEU,Germany,2020,39.1198068808828,3941398957073.94
DEU,Germany,2021,42.5198379291429,4355251953410.78
DEU,Germany,2022,45.6284043425185,4201021706478.62
DEU,Germany,2023,42.9672624196847,4562207532490.28
GBR,United Kingdom,2015,27.8790736176463,2945579890258.46
GBR,United Kingdom,2016,29.0615561502528,2706807606538.73
GBR,United Kingdom,2017,30.9738310965649,2699118387873.1
GBR,United Kingdom,2018,31.854534000688,2897028009916.05
GBR,United Kingdom,2019,31.9028602803155,2875710080015.3
GBR,United Kingdom,2020,29.9486520576829,2724001478304.59
GBR,United Kingdom,2021,29.2894071087705,3194559188925.93
GBR,United Kingdom,2022,34.0619283837069,3181244350465.41
GBR,United Kingdom,2023,31.9122697629938,3420796653789.08
IND,India,2015,19.8131891564045,2103588360044.94
IND,India,2016,19.1582349105946,2294796885663.16
IND,India,2017,18.7917648392982,2651474262755.45
IND,India,2018,19.9278285988562,2702929641648.74
IND,India,2019,18.664264897257,2835606256558.19
IND,India,2020,18.6824769296756,2674851578587.27
IND,India,2021,21.3991583305515,3167270623260.47
IND,India,2022,24.0401716365956,3249938492013.47
IND,India,2023,22.354801966733,3500906030644.76
JPN,Japan,2015,17.0921099786159,4534438580494.94
JPN,Japan,2016,15.7223961123124,5110357383254.44
JPN,Japan,2017,17.2158253394418,5038231631660.71
JPN,Japan,2018,17.9111434788682,5154293721629.56
JPN,Japan,2019,17.0377974181499,5245755000479.03
JPN,Japan,2020,15.1286902986314,5189197543645.38
JPN,Japan,2021,17.4619853799579,5225933520753.1
JPN,Japan,2022,20.647867347033,4447976207314.78
JPN,Japan,2023,21.0593101343597,4384854269961.93
KEN,Kenya,2015,15.1287339034504,70120446896.8359
KEN,Kenya,2016,13.2497448006759,74815144163.8931
KEN,Kenya,2017,12.7366599413725,82036510877.2599
KEN,Kenya,2018,12.541975333359,92202979985.2863
KEN,Kenya,2019,11.4279956869332,100378436207.371
KEN,Kenya,2020,11.4410451821593,100657505750.545
KEN,Kenya,2021,13.1097382018218,109703658904.994
KEN,Kenya,2022,15.9570283629469,114448978152.637
KEN,Kenya,2023,16.7133442998721,107500884685.013
MEX,Mexico,2015,34.1627726891004,1213294467653.78
MEX,Mexico,2016,36.8156772514808,1112233497452.7
MEX,Mexico,2017,37.514088621552,1190721475853.16
MEX,Mexico,2018,39.0439304387032,1256300182983.65
MEX,Mexico,2019,38.5296507889335,1304106204006.27
MEX,Mexico,2020,39.2353720952982,1121064767168.8
MEX,Mexico,2021,40.5691931964594,1316569466833.94
MEX,Mexico,2022,42.9322902148243,1466934724243.38
MEX,Mexico,2023,36.1479343675069,1794410347718.25
NGA,Nigeria,2015,,493026682800.63
NGA,Nigeria,2016,,404649125252.16
NGA,Nigeria,2017,,375745731053.427
NGA,Nigeria,2018,,421739251509.08
NGA,Nigeria,2019,,668219992686.575
NGA,Nigeria,2020,,598586817817.392
NGA,Nigeria,2021,,609147716965.348
NGA,Nigeria,2022,,646950257575.455
NGA,Nigeria,2023,,487387801877.803
USA,United States,2015,12.4111486301271,18295019000000
USA,United States,2016,11.8881592273253,18804913000000
USA,United States,2017,12.177481026766,19612102000000
USA,United States,2018,12.2871107596266,20656516000000
USA,United States,2019,11.7891974097286,21539982000000
USA,United States,2020,10.1230809550527,21375281000000
USA,United States,2021,10.8266687797107,23725645000000
USA,United States,2022,11.6540970440015,26054614000000
USA,United States,2023,11.0506737190927,27811517000000
VNM,Viet Nam,2015,72.9228518369495,239258328381.741
VNM,Viet Nam,2016,74.1072862556183,257096001177.982
VNM,Viet Nam,2017,81.7625218355655,281353605986.903
VNM,Viet Nam,2018,84.4234560833365,310106478394.659
VNM,Viet Nam,2019,85.1575874073411,334365270496.667
VNM,Viet Nam,2020,84.381598008957,346615738537.796
VNM,Viet Nam,2021,93.8502071275575,366474752771.009
VNM,Viet Nam,2022,93.420129043511,413445230668.578
VNM,Viet Nam,2023,86.7366640875238,433805036898.465
ZAF,South Africa,2015,27.7136384124829,346709790458.563
ZAF,South Africa,2016,28.1560881698955,323585509674.481
ZAF,South Africa,2017,27.3400757812216,381448814653.456
ZAF,South Africa,2018,27.4970371508423,405260723892.517
ZAF,South Africa,2019,27.2021294051151,389330032224.269
ZAF,South Africa,2020,27.5759141603963,337974655408.055
ZAF,South Africa,2021,31.1916105051608,419986284375.368
ZAF,South Africa,2022,33.5394403164272,407596043067.885
ZAF,South Africa,2023,33.2538127556816,381440724491.232
